{
    "loss": [
        163.22091043540064,
        64.78328085962286,
        49.16777637501053,
        44.81879229472978,
        60.94721149115393,
        42.75841468965947,
        39.44868887112225,
        37.38889958628543,
        35.24007441428712,
        33.485852542625466,
        32.288150644060316,
        30.92072687778376,
        29.881605327431927,
        28.589160446709183,
        27.48986228323225,
        26.735334839796657,
        25.674165033446958,
        26.395778738302628,
        27.79493000979351,
        26.87000433926655,
        26.524366298423807,
        26.24070257487031,
        26.18663264724809,
        26.12998390488213,
        27.36467345281301,
        28.332635139813885,
        26.956199680851196,
        28.514225055481578,
        47.168660089328206
    ],
    "validationLoss": [
        72.46725127367469,
        51.80998816141268,
        41.80570641184241,
        49.28002161320632,
        44.62968097469671,
        41.52424807664825,
        41.29178271254873,
        39.27858897728649,
        39.57038759216061,
        38.33215173860876,
        39.07225802661927,
        37.302953378940984,
        37.80979586035256,
        39.40771603002781,
        38.07231147114823,
        36.35550100435086,
        36.625817686561646,
        41.47550729425942,
        39.09682232771463,
        39.210792789614295,
        40.214807533636325,
        40.09272198560761,
        39.233057626863804,
        39.8629916741596,
        40.22972023971682,
        41.33044204091638,
        40.945193678382935,
        46.45899667972472,
        50.45233459782794
    ]
}